Species;AR;FA;PA;SA;AN;MA;LA;RU;AP;ZY;RO;HE
Allancastria_caucasica;1;0;0;0;0;0;0;0;0;0;0;0
Allancastria_cerisyi;1;0;0;0;0;0;0;0;0;0;0;0
Allancastria_cretica;1;0;0;0;0;0;0;0;0;0;0;0
Allancastria_deyrollei;1;0;0;0;0;0;0;0;0;0;0;0
Allancastria_louristana;1;0;0;0;0;0;0;0;0;0;0;0
Archon_apollinaris;1;0;0;0;0;0;0;0;0;0;0;0
Archon_apollinus1;1;0;0;0;0;0;0;0;0;0;0;0
Archon_apollinus2;1;0;0;0;0;0;0;0;0;0;0;0
Archon_bostanchii;1;0;0;0;0;0;0;0;0;0;0;0
Atrophaneura_dixoni;1;0;0;0;0;0;0;0;0;0;0;0
Atrophaneura_horishana;1;0;0;0;0;0;0;0;0;0;0;0
Atrophaneura_luchti;1;0;0;0;0;0;0;0;0;0;0;0
Atrophaneura_nox;1;0;0;0;0;0;0;0;0;0;0;0
Atrophaneura_priapus;1;0;0;0;0;0;0;0;0;0;0;0
Atrophaneura_varuna;1;0;0;0;0;0;0;0;0;0;0;0
Baronia_brevicornis;0;1;0;0;0;0;0;0;0;0;0;0
Battus_belus;1;0;0;0;0;0;0;0;0;0;0;0
Battus_crassus;1;0;0;0;0;0;0;0;0;0;0;0
Battus_ingenuus;1;0;0;0;0;0;0;0;0;0;0;0
Battus_philenor;1;0;0;0;0;0;0;0;0;0;0;0
Battus_polydamas;1;0;0;0;0;0;0;0;0;0;0;0
Battus_polystictus;1;0;0;0;0;0;0;0;0;0;0;0
Bhutanitis_lidderdalii;1;0;0;0;0;0;0;0;0;0;0;0
Bhutanitis_mansfieldi;1;0;0;0;0;0;0;0;0;0;0;0
Bhutanitis_thaidina;1;0;0;0;0;0;0;0;0;0;0;0
Byasa_alcinous;1;0;0;0;0;0;0;0;0;0;0;0
Byasa_dasarada;1;0;0;0;0;0;0;0;0;0;0;0
Byasa_impediens;1;0;0;0;0;0;0;0;0;0;0;0
Byasa_laos;1;0;0;0;0;0;0;0;0;0;0;0
Byasa_mencius;1;0;0;0;0;0;0;0;0;0;0;0
Byasa_plutonius;1;0;0;0;0;0;0;0;0;0;0;0
Byasa_polyeuctes;1;0;0;0;0;0;0;0;0;0;0;0
Cressida_cressida;1;0;0;0;0;0;0;0;0;0;0;0
Euryades_corethrus;1;0;0;0;0;0;0;0;0;0;0;0
Euryades_duponchelii;1;0;0;0;0;0;0;0;0;0;0;0
Eurytides_orabilis;0;0;0;0;1;0;0;0;0;0;0;0
Eurytides_serville;0;0;0;0;1;0;0;0;0;0;0;0
Graphium_adamastor;0;0;0;0;1;0;0;0;0;0;0;0
Graphium_agamemnon;0;0;0;0;1;0;0;0;0;0;0;0
Graphium_agetes;0;0;0;0;1;0;0;0;0;0;0;0
Graphium_androcles;0;0;0;0;1;0;0;0;0;0;0;0
Graphium_angolanus;0;0;0;0;1;0;0;0;0;0;0;0
Graphium_antiphates;0;0;0;0;1;0;0;0;0;0;0;0
Graphium_aristeus;0;0;0;0;1;0;0;0;0;0;0;0
Graphium_arycles;0;0;0;0;1;0;0;0;0;0;0;0
Graphium_bathycles;0;0;0;0;1;0;0;0;0;0;0;0
Graphium_chironides;0;0;0;0;1;0;0;0;0;0;0;0
Graphium_cloanthus;0;0;0;0;1;0;0;0;0;0;0;0
Graphium_codrus;0;0;0;0;0;0;0;0;0;0;0;1
Graphium_decolor;0;0;0;0;1;0;0;0;0;0;0;0
Graphium_delessertii;0;0;0;0;1;0;0;0;0;0;0;0
Graphium_dorcus;0;0;0;0;1;0;0;0;0;0;0;0
Graphium_doson;0;0;0;0;1;0;1;0;0;0;0;0
Graphium_empedovana;0;0;0;0;0;0;0;0;0;0;0;1
Graphium_eurous;0;0;0;0;1;0;0;0;0;0;0;0
Graphium_eurypylus;0;0;0;0;1;0;0;0;0;0;0;0
Graphium_evemon;0;0;0;0;1;0;0;0;0;0;0;0
Graphium_glycerion;0;0;0;0;1;0;0;0;0;0;0;0
Graphium_incertus;0;0;0;0;1;0;0;0;0;0;0;0
Graphium_latreillianus;0;0;0;0;1;0;0;0;0;0;0;0
Graphium_leechi;0;0;0;0;1;0;0;0;0;0;0;0
Graphium_leonidas;0;0;0;0;1;0;0;0;0;0;0;0
Graphium_macareus;0;0;0;0;1;0;0;0;0;0;0;0
Graphium_macfarlanei;0;0;0;0;1;0;0;0;0;0;0;0
Graphium_macleayanus;0;0;0;0;1;0;1;0;0;0;0;0
Graphium_mandarinus;0;0;0;0;1;0;0;0;0;0;0;0
Graphium_meyeri;0;0;0;0;1;0;0;0;0;0;0;0
Graphium_milon;0;0;0;0;0;0;1;0;0;0;0;0
Graphium_nomius;0;0;0;0;1;0;0;0;0;0;0;0
Graphium_phidias;0;0;0;0;1;0;0;0;0;0;0;0
Graphium_ramaceus;0;0;0;0;1;0;0;0;0;0;0;0
Graphium_ridleyanus;0;0;0;0;1;0;0;0;0;0;0;0
Graphium_sarpedon;0;0;0;0;1;0;0;0;0;0;0;0
Graphium_schubotzi;0;0;0;0;1;0;0;0;0;0;0;0
Graphium_sichuanica;0;0;0;0;1;0;0;0;0;0;0;0
Graphium_stratiotes;0;0;0;0;1;0;0;0;0;0;0;0
Graphium_tamerlanus;0;0;0;0;1;0;0;0;0;0;0;0
Graphium_thule;0;0;0;0;1;0;0;0;0;0;0;0
Graphium_timur;0;0;0;0;1;0;0;0;0;0;0;0
Graphium_tynderaeus;0;0;0;0;1;0;0;0;0;0;0;0
Graphium_wallacei;0;0;0;0;1;0;0;0;0;0;0;0
Graphium_weiskei;0;0;0;0;1;0;0;0;0;0;0;0
Graphium_xenocles;0;0;0;0;1;0;0;0;0;0;0;0
Hypermnestra_helios1;0;0;0;0;0;0;0;0;0;1;0;0
Hypermnestra_helios2;0;0;0;0;0;0;0;0;0;1;0;0
Iphiclides_feisthamelii;0;0;0;0;0;0;0;0;0;0;1;0
Iphiclides_podalirius;0;0;0;0;0;0;0;0;0;0;1;0
Lamproptera_curius;0;0;0;0;0;0;0;0;0;0;0;1
Lamproptera_meges;0;0;0;0;0;0;0;0;0;0;0;1
Losaria_coon;1;0;0;0;0;0;0;0;0;0;0;0
Losaria_neptunus;1;0;0;0;0;0;0;0;0;0;0;0
Luehdorfia_chinensis;1;0;0;0;0;0;0;0;0;0;0;0
Luehdorfia_japonica;1;0;0;0;0;0;0;0;0;0;0;0
Luehdorfia_longicaudata;1;0;0;0;0;0;0;0;0;0;0;0
Luehdorfia_puziloi;1;0;0;0;0;0;0;0;0;0;0;0
Luehdorfia_taibai;1;0;0;0;0;0;0;0;0;0;0;0
Meandrusa_payeni;0;0;0;0;0;0;1;0;0;0;0;0
Meandrusa_sciron;0;0;0;0;0;0;1;0;0;0;0;0
Mimoides_euryleon;0;0;0;0;1;0;0;0;0;0;0;0
Mimoides_ilus;0;0;0;0;1;0;0;0;0;0;0;0
Mimoides_lysithous;0;0;0;0;1;0;0;0;0;0;0;0
Mimoides_pausanias;0;0;0;0;1;0;0;0;0;0;0;0
Ornithoptera_aesacus;1;0;0;0;0;0;0;0;0;0;0;0
Ornithoptera_alexandrae;1;0;0;0;0;0;0;0;0;0;0;0
Ornithoptera_arfakensis;1;0;0;0;0;0;0;0;0;0;0;0
Ornithoptera_chimaera;1;0;0;0;0;0;0;0;0;0;0;0
Ornithoptera_croesus;1;0;0;0;0;0;0;0;0;0;0;0
Ornithoptera_euphorion;1;0;0;0;0;0;0;0;0;0;0;0
Ornithoptera_goliath;1;0;0;0;0;0;0;0;0;0;0;0
Ornithoptera_meridionalis;1;0;0;0;0;0;0;0;0;0;0;0
Ornithoptera_paradisea;1;0;0;0;0;0;0;0;0;0;0;0
Ornithoptera_priamus;1;0;0;0;0;0;0;0;0;0;0;0
Ornithoptera_richmondia;1;0;0;0;0;0;0;0;0;0;0;0
Ornithoptera_rothschildi;1;0;0;0;0;0;0;0;0;0;0;0
Ornithoptera_tithonus;1;0;0;0;0;0;0;0;0;0;0;0
Ornithoptera_victoriae;1;0;0;0;0;0;0;0;0;0;0;0
Pachliopta_aristolochiae;1;0;0;0;0;0;0;0;0;0;0;0
Pachliopta_hector;1;0;0;0;0;0;0;0;0;0;0;0
Pachliopta_kotzebuea;1;0;0;0;0;0;0;0;0;0;0;0
Pachliopta_liris;1;0;0;0;0;0;0;0;0;0;0;0
Pachliopta_polydorus;1;0;0;0;0;0;0;0;0;0;0;0
Papilio_aegeus;0;0;0;0;0;0;0;1;0;0;0;0
Papilio_agestor;0;0;0;0;0;0;1;0;0;0;0;0
Papilio_albinus;0;0;0;0;0;0;0;1;0;0;0;0
Papilio_alexanor;0;0;0;0;0;0;0;0;1;0;0;0
Papilio_ambrax;0;0;0;0;0;0;0;1;0;0;0;0
Papilio_amynthor;0;0;0;0;0;0;0;1;0;0;0;0
Papilio_anactus;0;0;0;0;0;0;0;1;0;0;0;0
Papilio_anchisiades;0;0;0;0;0;0;0;1;0;0;0;0
Papilio_andraemon;0;0;0;0;0;0;0;1;0;0;0;0
Papilio_androgeus;0;0;0;0;0;0;0;1;0;0;0;0
Papilio_antimachus;0;0;0;0;0;0;0;1;0;0;0;0
Papilio_appalachiensis;0;0;0;0;0;0;1;0;0;0;0;0
Papilio_arcturus;0;0;0;0;0;0;0;1;0;0;0;0
Papilio_aristodemus;0;0;0;0;0;0;0;1;0;0;0;0
Papilio_aristor;0;0;0;0;0;0;0;1;0;0;0;0
Papilio_astyalus;0;0;0;0;0;0;0;1;0;0;0;0
Papilio_benguetana;0;0;0;0;0;0;0;1;0;0;0;0
Papilio_bianor;0;0;0;0;0;0;0;1;0;0;0;0
Papilio_birchallii;0;0;0;0;0;0;1;0;0;0;0;0
Papilio_blumei;0;0;0;0;0;0;0;1;0;0;0;0
Papilio_bootes;0;0;0;0;0;0;0;1;0;0;0;0
Papilio_brevicauda;0;0;0;0;0;0;0;0;1;0;0;0
Papilio_bridgei;0;0;0;0;0;0;0;1;0;0;0;0
Papilio_buddha;0;0;0;0;0;0;0;1;0;0;0;0
Papilio_cacicus;0;0;0;0;0;0;1;0;0;0;0;0
Papilio_caiguanabus;0;0;0;0;0;0;0;1;0;0;0;0
Papilio_canadensis;0;0;0;0;0;0;1;0;0;0;0;0
Papilio_castor;0;0;0;0;0;0;0;1;0;0;0;0
Papilio_chiansiades;0;0;0;0;0;0;0;1;0;0;0;0
Papilio_chikae;0;0;0;0;0;0;0;1;0;0;0;0
Papilio_clytia;0;0;0;0;0;0;1;0;0;0;0;0
Papilio_constantinus;0;0;0;0;0;0;0;1;0;0;0;0
Papilio_cresphontes;0;0;0;0;0;0;0;1;0;0;0;0
Papilio_crino;0;0;0;0;0;0;0;1;0;0;0;0
Papilio_daedalus;0;0;0;0;0;0;0;1;0;0;0;0
Papilio_dardanus;0;0;0;0;0;0;0;1;0;0;0;0
Papilio_dehaanii1;0;0;0;0;0;0;0;1;0;0;0;0
Papilio_dehaanii2;0;0;0;0;0;0;0;1;0;0;0;0
Papilio_deiphobus;0;0;0;0;0;0;0;1;0;0;0;0
Papilio_delalandei;0;0;0;0;0;0;0;1;0;0;0;0
Papilio_demetrius;0;0;0;0;0;0;0;1;0;0;0;0
Papilio_demodocus;0;0;0;0;0;0;0;1;0;0;0;0
Papilio_demoleus;0;0;0;0;0;0;0;1;0;0;0;0
Papilio_demolion;0;0;0;0;0;0;0;1;0;0;0;0
Papilio_dialis;0;0;0;0;0;0;0;1;0;0;0;0
Papilio_dravidarum;0;0;0;0;0;0;0;1;0;0;0;0
Papilio_elwesi;0;0;0;0;0;0;1;0;0;0;0;0
Papilio_enganius;0;0;0;0;0;0;0;1;0;0;0;0
Papilio_epenetus;0;0;0;0;0;0;0;1;0;0;0;0
Papilio_epiphorbas;0;0;0;0;0;0;0;1;0;0;0;0
Papilio_epycides;0;0;0;0;0;0;1;0;0;0;0;0
Papilio_erithonioides;0;0;0;0;0;0;0;1;0;0;0;0
Papilio_erostratus;0;0;0;0;0;0;0;1;0;0;0;0
Papilio_esperanza;0;0;0;0;0;0;1;0;0;0;0;0
Papilio_eurymedon;0;0;0;0;0;0;1;0;0;0;0;0
Papilio_euterpinus;0;0;0;0;0;0;1;0;0;0;0;0
Papilio_forbesi;0;0;0;0;0;0;0;1;0;0;0;0
Papilio_fuscus;0;0;0;0;0;0;0;1;0;0;0;0
Papilio_gambrisius1;0;0;0;0;0;0;0;1;0;0;0;0
Papilio_gambrisius2;0;0;0;0;0;0;0;1;0;0;0;0
Papilio_garamas;0;0;0;0;0;0;1;0;0;0;0;0
Papilio_garleppi;0;0;0;0;0;0;0;1;0;0;0;0
Papilio_gigon;0;0;0;0;0;0;0;1;0;0;0;0
Papilio_glaucus;0;0;0;0;0;0;1;0;0;0;0;0
Papilio_grosesmithi;0;0;0;0;0;0;0;1;0;0;0;0
Papilio_hectorides;0;0;0;0;0;0;0;1;0;0;0;0
Papilio_helenus;0;0;0;0;0;0;0;1;0;0;0;0
Papilio_heringi;0;0;0;0;0;0;0;1;0;0;0;0
Papilio_hermeli;0;0;0;0;0;0;0;1;0;0;0;0
Papilio_himeros;0;0;0;0;0;0;0;1;0;0;0;0
Papilio_hippocrates;0;0;0;0;0;0;0;0;1;0;0;0
Papilio_hipponous;0;0;0;0;0;0;0;1;0;0;0;0
Papilio_homerus;0;0;0;0;0;0;1;0;0;0;0;0
Papilio_homothoas;0;0;0;0;0;0;0;1;0;0;0;0
Papilio_hopponis;0;0;0;0;0;0;0;1;0;0;0;0
Papilio_hospiton;0;0;0;0;0;0;0;0;1;0;0;0
Papilio_humbloti;0;0;0;0;0;0;0;1;0;0;0;0
Papilio_hyppason;0;0;0;0;0;0;0;1;0;0;0;0
Papilio_indra;0;0;0;0;0;0;0;0;1;0;0;0
Papilio_isidorus;0;0;0;0;0;0;0;1;0;0;0;0
Papilio_iswara;0;0;0;0;0;0;0;1;0;0;0;0
Papilio_karna;0;0;0;0;0;0;0;1;0;0;0;0
Papilio_krishna;0;0;0;0;0;0;0;1;0;0;0;0
Papilio_laglaizei;0;0;0;0;0;0;1;0;0;0;0;0
Papilio_lamarchei;0;0;0;0;0;0;0;1;0;0;0;0
Papilio_liomedon;0;0;0;0;0;0;0;1;0;0;0;0
Papilio_lormieri;0;0;0;0;0;0;0;1;0;0;0;0
Papilio_lorquinianus;0;0;0;0;0;0;0;1;0;0;0;0
Papilio_maackii;0;0;0;0;0;0;0;1;0;0;0;0
Papilio_machaon;0;0;0;0;0;0;0;0;1;0;0;0
Papilio_machaonides;0;0;0;0;0;0;0;1;0;0;0;0
Papilio_macilentus;0;0;0;0;0;0;0;1;0;0;0;0
Papilio_mahadeva;0;0;0;0;0;0;0;1;0;0;0;0
Papilio_maraho;0;0;0;0;0;0;1;0;0;0;0;0
Papilio_melonius;0;0;0;0;0;0;0;1;0;0;0;0
Papilio_memnon;0;0;0;0;0;0;0;1;0;0;0;0
Papilio_menatius;0;0;0;0;0;0;1;0;0;0;0;0
Papilio_meriones;0;0;0;0;0;0;0;1;0;0;0;0
Papilio_montrouzieri;0;0;0;0;0;0;0;1;0;0;0;0
Papilio_morondavana;0;0;0;0;0;0;0;1;0;0;0;0
Papilio_multicaudata;0;0;0;0;0;0;1;0;0;0;0;0
Papilio_nephelus;0;0;0;0;0;0;0;1;0;0;0;0
Papilio_neumoegeni;0;0;0;0;0;0;0;1;0;0;0;0
Papilio_neyi;0;0;0;0;0;0;1;0;0;0;0;0
Papilio_nireus;0;0;0;0;0;0;0;1;0;0;0;0
Papilio_nobilis;0;0;0;0;0;0;0;1;0;0;0;0
Papilio_noblei;0;0;0;0;0;0;0;1;0;0;0;0
Papilio_oenomaus;0;0;0;0;0;0;0;1;0;0;0;0
Papilio_oregonius;0;0;0;0;0;0;0;0;1;0;0;0
Papilio_oribazus;0;0;0;0;0;0;0;1;0;0;0;0
Papilio_ornythion;0;0;0;0;0;0;0;1;0;0;0;0
Papilio_osmana;0;0;0;0;0;0;1;0;0;0;0;0
Papilio_oviedo;0;0;0;0;0;0;0;1;0;0;0;0
Papilio_oxynius;0;0;0;0;0;0;0;1;0;0;0;0
Papilio_paeon;0;0;0;0;0;0;0;1;0;0;0;0
Papilio_palamedes;0;0;0;0;0;0;1;0;0;0;0;0
Papilio_palinurus;0;0;0;0;0;0;0;1;0;0;0;0
Papilio_pallas;0;0;0;0;0;0;0;1;0;0;0;0
Papilio_paradoxa;0;0;0;0;0;0;1;0;0;0;0;0
Papilio_paris1;0;0;0;0;0;0;0;1;0;0;0;0
Papilio_paris2;0;0;0;0;0;0;0;1;0;0;0;0
Papilio_paris3;0;0;0;0;0;0;0;1;0;0;0;0
Papilio_pelaus;0;0;0;0;0;0;0;1;0;0;0;0
Papilio_peranthus;0;0;0;0;0;0;0;1;0;0;0;0
Papilio_pericles;0;0;0;0;0;0;0;1;0;0;0;0
Papilio_pharnaces;0;0;0;0;0;0;0;1;0;0;0;0
Papilio_phorcas;0;0;0;0;0;0;0;1;0;0;0;0
Papilio_pilumnus;0;0;0;0;0;0;1;0;0;0;0;0
Papilio_pitmani;0;0;0;0;0;0;0;1;0;0;0;0
Papilio_polyctor;0;0;0;0;0;0;0;1;0;0;0;0
Papilio_polymnestor;0;0;0;0;0;0;0;1;0;0;0;0
Papilio_polytes;0;0;0;0;0;0;0;1;0;0;0;0
Papilio_polyxenes;0;0;0;0;0;0;0;0;1;0;0;0
Papilio_prexaspes;0;0;0;0;0;0;0;1;0;0;0;0
Papilio_protenor;0;0;0;0;0;0;0;1;0;0;0;0
Papilio_rex;0;0;0;0;0;0;0;1;0;0;0;0
Papilio_rogeri;0;0;0;0;0;0;0;1;0;0;0;0
Papilio_rumanzovia;0;0;0;0;0;0;0;1;0;0;0;0
Papilio_rumiko;0;0;0;0;0;0;0;1;0;0;0;0
Papilio_rutulus;0;0;0;0;0;0;1;0;0;0;0;0
Papilio_scamander;0;0;0;0;0;0;1;0;0;0;0;0
Papilio_slateri;0;0;0;0;0;0;1;0;0;0;0;0
Papilio_syfanius;0;0;0;0;0;0;0;1;0;0;0;0
Papilio_thaiwanus;0;0;0;0;0;0;0;1;0;0;0;0
Papilio_thersites;0;0;0;0;0;0;0;1;0;0;0;0
Papilio_thoas;0;0;0;0;0;0;0;1;0;0;0;0
Papilio_torquatus;0;0;0;0;0;0;0;1;0;0;0;0
Papilio_troilus;0;0;0;0;0;0;1;0;0;0;0;0
Papilio_tydeus;0;0;0;0;0;0;0;1;0;0;0;0
Papilio_ulysses1;0;0;0;0;0;0;0;1;0;0;0;0
Papilio_ulysses2;0;0;0;0;0;0;0;1;0;0;0;0
Papilio_ulysses3;0;0;0;0;0;0;0;1;0;0;0;0
Papilio_veiovis;0;0;0;0;0;0;1;0;0;0;0;0
Papilio_victorinus;0;0;0;0;0;0;1;0;0;0;0;0
Papilio_warscewiczii;0;0;0;0;0;0;1;0;0;0;0;0
Papilio_xuthus;0;0;0;0;0;0;0;1;0;0;0;0
Papilio_zagreus;0;0;0;0;0;0;1;0;0;0;0;0
Papilio_zalmoxis;0;0;0;0;0;0;0;1;0;0;0;0
Papilio_zelicaon;0;0;0;0;0;0;0;0;1;0;0;0
Parides_aeneas;1;0;0;0;0;0;0;0;0;0;0;0
Parides_agavus;1;0;0;0;0;0;0;0;0;0;0;0
Parides_anchises;1;0;0;0;0;0;0;0;0;0;0;0
Parides_ascanius;1;0;0;0;0;0;0;0;0;0;0;0
Parides_bunichus;1;0;0;0;0;0;0;0;0;0;0;0
Parides_burchellanus;1;0;0;0;0;0;0;0;0;0;0;0
Parides_chabrias;1;0;0;0;0;0;0;0;0;0;0;0
Parides_childrenae;1;0;0;0;0;0;0;0;0;0;0;0
Parides_erithalion;1;0;0;0;0;0;0;0;0;0;0;0
Parides_eurimedes;1;0;0;0;0;0;0;0;0;0;0;0
Parides_hahneli;1;0;0;0;0;0;0;0;0;0;0;0
Parides_iphidamas;1;0;0;0;0;0;0;0;0;0;0;0
Parides_lysander;1;0;0;0;0;0;0;0;0;0;0;0
Parides_montezuma;1;0;0;0;0;0;0;0;0;0;0;0
Parides_neophilus;1;0;0;0;0;0;0;0;0;0;0;0
Parides_panares;1;0;0;0;0;0;0;0;0;0;0;0
Parides_panthonus;1;0;0;0;0;0;0;0;0;0;0;0
Parides_photinus;1;0;0;0;0;0;0;0;0;0;0;0
Parides_proneus;1;0;0;0;0;0;0;0;0;0;0;0
Parides_sesostris;1;0;0;0;0;0;0;0;0;0;0;0
Parides_tros;1;0;0;0;0;0;0;0;0;0;0;0
Parides_vertumnus;1;0;0;0;0;0;0;0;0;0;0;0
Parides_zacynthus;1;0;0;0;0;0;0;0;0;0;0;0
Parnassius_acco;0;0;1;0;0;0;0;0;0;0;0;0
Parnassius_acdestis;0;0;1;0;0;0;0;0;0;0;0;0
Parnassius_actius;0;0;0;1;0;0;0;0;0;0;0;0
Parnassius_andreji;0;0;1;0;0;0;0;0;0;0;0;0
Parnassius_apollo1;0;0;0;1;0;0;0;0;0;0;0;0
Parnassius_apollo2;0;0;0;1;0;0;0;0;0;0;0;0
Parnassius_apollo3;0;0;0;1;0;0;0;0;0;0;0;0
Parnassius_apollo4;0;0;0;1;0;0;0;0;0;0;0;0
Parnassius_apollo5;0;0;0;1;0;0;0;0;0;0;0;0
Parnassius_apollonius;0;0;0;1;0;0;0;0;0;0;0;0
Parnassius_arctica;0;0;1;0;0;0;0;0;0;0;0;0
Parnassius_ariadne;0;0;1;0;0;0;0;0;0;0;0;0
Parnassius_augustus;0;0;1;0;0;0;0;0;0;0;0;0
Parnassius_autocrator;0;0;1;0;0;0;0;0;0;0;0;0
Parnassius_behrii;0;0;0;1;0;0;0;0;0;0;0;0
Parnassius_boedromius;0;0;1;0;0;0;0;0;0;0;0;0
Parnassius_bremeri;0;0;0;1;0;0;0;0;0;0;0;0
Parnassius_cardinal;0;0;1;0;0;0;0;0;0;0;0;0
Parnassius_cephalus;0;0;1;0;0;0;0;0;0;0;0;0
Parnassius_charltonius;0;0;1;0;0;0;0;0;0;0;0;0
Parnassius_clodius;0;0;1;0;0;0;0;0;0;0;0;0
Parnassius_davydovi;0;0;1;0;0;0;0;0;0;0;0;0
Parnassius_delphius;0;0;1;0;0;0;0;0;0;0;0;0
Parnassius_dongalaicus;0;0;0;1;0;0;0;0;0;0;0;0
Parnassius_epaphus;0;0;0;1;0;0;0;0;0;0;0;0
Parnassius_eversmanni;0;0;1;0;0;0;0;0;0;0;0;0
Parnassius_glacialis;0;0;1;0;0;0;0;0;0;0;0;0
Parnassius_hannyngtoni;0;0;1;0;0;0;0;0;0;0;0;0
Parnassius_hardwickii;0;0;1;0;0;0;0;0;0;0;0;0
Parnassius_hide;0;0;1;0;0;0;0;0;0;0;0;0
Parnassius_hoenei;0;0;1;0;0;0;0;0;0;0;0;0
Parnassius_honrathi;0;0;0;1;0;0;0;0;0;0;0;0
Parnassius_huberi;0;0;1;0;0;0;0;0;0;0;0;0
Parnassius_imperator;0;0;1;0;0;0;0;0;0;0;0;0
Parnassius_inopinatus;0;0;1;0;0;0;0;0;0;0;0;0
Parnassius_jacobsoni;0;0;1;0;0;0;0;0;0;0;0;0
Parnassius_jacquemontii;0;0;0;1;0;0;0;0;0;0;0;0
Parnassius_loxias;0;0;1;0;0;0;0;0;0;0;0;0
Parnassius_maharaja;0;0;1;0;0;0;0;0;0;0;0;0
Parnassius_maximinus;0;0;1;0;0;0;0;0;0;0;0;0
Parnassius_mercurius;0;0;0;1;0;0;0;0;0;0;0;0
Parnassius_mnemosyne1;0;0;1;0;0;0;0;0;0;0;0;0
Parnassius_mnemosyne2;0;0;1;0;0;0;0;0;0;0;0;0
Parnassius_mnemosyne3;0;0;1;0;0;0;0;0;0;0;0;0
Parnassius_nomion;0;0;0;1;0;0;0;0;0;0;0;0
Parnassius_nordmanni;0;0;1;0;0;0;0;0;0;0;0;0
Parnassius_orleans;0;0;1;0;0;0;0;0;0;0;0;0
Parnassius_patricius;0;0;1;0;0;0;0;0;0;0;0;0
Parnassius_phoebus;0;0;0;1;0;0;0;0;0;0;0;0
Parnassius_sacerdos;0;0;0;1;0;0;0;0;0;0;0;0
Parnassius_schultei;0;0;1;0;0;0;0;0;0;0;0;0
Parnassius_simo;0;0;1;0;0;0;0;0;0;0;0;0
Parnassius_simonius;0;0;1;0;0;0;0;0;0;0;0;0
Parnassius_smintheus;0;0;0;1;0;0;0;0;0;0;0;0
Parnassius_staudingeri1;0;0;1;0;0;0;0;0;0;0;0;0
Parnassius_staudingeri2;0;0;1;0;0;0;0;0;0;0;0;0
Parnassius_staudingeri3;0;0;1;0;0;0;0;0;0;0;0;0
Parnassius_stenosemus;0;0;1;0;0;0;0;0;0;0;0;0
Parnassius_stoliczkanus;0;0;1;0;0;0;0;0;0;0;0;0
Parnassius_stubbendorfii;0;0;1;0;0;0;0;0;0;0;0;0
Parnassius_szechenyii;0;0;1;0;0;0;0;0;0;0;0;0
Parnassius_tenedius;0;0;1;0;0;0;0;0;0;0;0;0
Parnassius_tianschanicus;0;0;0;1;0;0;0;0;0;0;0;0
Pharmacophagus_antenor;1;0;0;0;0;0;0;0;0;0;0;0
Protesilaus_glaucolaus;0;0;0;0;1;0;0;0;0;0;0;0
Protesilaus_helios;0;0;0;0;1;0;0;0;0;0;0;0
Protesilaus_molops;0;0;0;0;1;0;0;0;0;0;0;0
Protesilaus_protesilaus;0;0;0;0;1;0;0;0;0;0;0;0
Protesilaus_telesilaus;0;0;0;0;1;0;0;0;0;0;0;0
Protographium_asius;0;0;0;0;1;0;0;0;0;0;0;0
Protographium_dioxippus;0;0;0;0;1;0;0;0;0;0;0;0
Protographium_epidaus;0;0;0;0;1;0;0;0;0;0;0;0
Protographium_leosthenes;0;0;0;0;1;0;0;0;0;0;0;0
Protographium_leucaspis;0;0;0;0;1;0;0;0;0;0;0;0
Protographium_marcellus;0;0;0;0;1;0;0;0;0;0;0;0
Protographium_philolaus;0;0;0;0;1;0;0;0;0;0;0;0
Protographium_thyastes;0;0;0;0;1;0;0;0;0;0;0;0
Sericinus_montela;1;0;0;0;0;0;0;0;0;0;0;0
Teinopalpus_aureus;0;0;0;0;0;1;0;0;0;0;0;0
Teinopalpus_imperialis;0;0;0;0;0;1;0;0;0;0;0;0
Trogonoptera_brookiana;1;0;0;0;0;0;0;0;0;0;0;0
Trogonoptera_trojana;1;0;0;0;0;0;0;0;0;0;0;0
Troides_aeacus;1;0;0;0;0;0;0;0;0;0;0;0
Troides_amphrysus;1;0;0;0;0;0;0;0;0;0;0;0
Troides_andromache;1;0;0;0;0;0;0;0;0;0;0;0
Troides_criton;1;0;0;0;0;0;0;0;0;0;0;0
Troides_cuneifera;1;0;0;0;0;0;0;0;0;0;0;0
Troides_haliphron;1;0;0;0;0;0;0;0;0;0;0;0
Troides_helena;1;0;0;0;0;0;0;0;0;0;0;0
Troides_hypolitus;1;0;0;0;0;0;0;0;0;0;0;0
Troides_magellanus;1;0;0;0;0;0;0;0;0;0;0;0
Troides_minos;1;0;0;0;0;0;0;0;0;0;0;0
Troides_miranda;1;0;0;0;0;0;0;0;0;0;0;0
Troides_naias;1;0;0;0;0;0;0;0;0;0;0;0
Troides_oblongomaculatus;1;0;0;0;0;0;0;0;0;0;0;0
Troides_plato;1;0;0;0;0;0;0;0;0;0;0;0
Troides_prattorum;1;0;0;0;0;0;0;0;0;0;0;0
Troides_rhadamantus;1;0;0;0;0;0;0;0;0;0;0;0
Troides_riedeli;1;0;0;0;0;0;0;0;0;0;0;0
Troides_staudingeri;1;0;0;0;0;0;0;0;0;0;0;0
Troides_vandepolli;1;0;0;0;0;0;0;0;0;0;0;0
Zerynthia_polyxena1;1;0;0;0;0;0;0;0;0;0;0;0
Zerynthia_polyxena2;1;0;0;0;0;0;0;0;0;0;0;0
Zerynthia_rumina1;1;0;0;0;0;0;0;0;0;0;0;0
Zerynthia_rumina2;1;0;0;0;0;0;0;0;0;0;0;0
